x,y,z,pitch,roll,yaw,outputs
0.1354195264626108,2.0507274650939706,0.32374480064172956,0.06521216056851857,1.0909615963008685,3.5596528034520984,0
0.1937039646993357,2.13333700879757,0.24018846112399153,0.009610452583804746,0.8090949663857633,3.7326035330700478,0
-0.2737471981596504,1.9354485216062118,0.16643639701307905,0.018344732609377426,0.3526873635626878,6.47072245531596,0
