x,y,z,pitch,roll,yaw,outputs
0.0016912808534616057,0.2535713660534233,0.18598022348546164,-0.042403973611093736,0.5791083494247606,4.673310281082201,1
0.09127402043179332,0.05584951207720573,0.30686924462309745,0.019707540157485007,1.1745660428880982,3.6116464570622733,1
0.21686364103836123,-0.2011517789153323,0.09928207332127215,-0.04847083589175171,0.17074410293782633,2.5104231597582807,0
