x,y,z,pitch,roll,yaw,outputs
2.121000703383456,1.837281650754926,0.1443368528695776,1.7629124464517885,0.03989411586894262,3.818846701933162,1
1.8496102985186806,1.8814490023587394,0.1889625001108983,1.9158077838722556,0.06339226046732653,8.521565124520615,1
1.985990592283757,2.111864385095882,0.28099973554010627,2.6431971306195257,-0.026772224178196382,6.38934671107118,0
