x,y,z,pitch,roll,yaw,outputs
2.172917565261589,1.9779378058533155,0.22376254202333581,2.230606448382545,0.0765697707884521,4.611878136648705,1
