x,y,z,pitch,roll,yaw,outputs
1.8356340759695535,0.010497688957814381,0.1587781371204231,2.20837145729408,0.019664753649657193,7.8474658534656525,1
1.8892821375978457,-0.13793545456594158,0.14612039859098122,2.1895605690127007,-0.029616369072991002,8.774155497983404,0
1.8576403590974813,-0.0014012152206494466,0.1842395075935346,2.270666157833617,0.05173297284028075,7.848848537095314,1
