x,y,z,pitch,roll,yaw,outputs
1.8381496148842222,-0.10065227731448655,0.1140158629785983,1.8777719557231143,-0.03883480489208568,8.454618875903915,1
