x,y,z,pitch,roll,yaw,outputs
0.09993255112843259,1.8978933666909064,0.3269310621350752,-0.04951741874637309,1.2417556008612256,2.3996925076811286,0
