x,y,z,pitch,roll,yaw,outputs
-0.04402648197857445,0.2787610373359087,0.15145361039064542,-0.035507578961057835,0.4152265545136962,4.9387004789853926,1
